product,share_link,photo
Artistry Skin Nutrition Renewing Softening Toner,https://amway.com/share-link/hKMa0MHHc,Artistry Skin Nutrition Renewing Softening Toner.webp
Artistry Skin Nutrition Sleeping Mask,https://amway.com/share-link/iWAplHgh3,Artistry Skin Nutrition Sleeping Mask.webp
Artistry Studio Glow Boss Cleanser + Exfoliator,https://amway.com/share-link/2Vi-rjqyj,Artistry Studio Glow Boss Cleanser + Exfoliator.webp
Nutrilite Begin Daily GI Primer,https://amway.com/share-link/FOhn2MdGS,Nutrilite Begin Daily GI Primer.webp
Nutrilite Balance Within Probiotic,https://amway.com/share-link/k5GGxS-5u,Nutrilite Balance Within Probiotic.webp
Nutrilite Magnesium,https://amway.com/share-link/ROw2AOp7v,Nutrilite Magnesium.webp
Nutrilite Organics All-in-One Bars - Berries & Seeds,https://amway.com/share-link/90MN2VV7h,Nutrilite Organics All-in-One Bars - Berries & Seeds.webp
Nutrilite Organics All-in-One Bars - Double Chocolate,https://amway.com/share-link/195NEh7tP,Nutrilite Organics All-in-One Bars - Double Chocolate.webp
Nutrilite Organics All-in-One Bars - Peanut Butter,https://amway.com/share-link/WsloZO1TV,Nutrilite Organics All-in-One Bars - Peanut Butter.webp
Nutrilite Organics Ashwagandha Capsules,https://amway.com/share-link/SMhXOCNJy,Nutrilite Organics Ashwagandha Capsules.webp
Nutrilite Organics Chamomile Tea,https://amway.com/share-link/qe6JKbGxp,Nutrilite Organics Chamomile Tea.webp
Nutrilite Sleep Health,https://amway.com/share-link/o8m6KGk53,Nutrilite Sleep Health.webp
Nutrilite Twist Tubes 2GO - Variety Pack,https://amway.com/share-link/s8elwQ-bb,Nutrilite Twist Tubes 2GO - Variety Pack.webp
XS CBD Cream,https://amway.com/share-link/AwIzUqvC1,XS CBD Cream.webp
XS CBD Pro Cream,https://amway.com/share-link/9EXfGTpU-,XS CBD Pro Cream.webp
XS CocoWater Hydration Drink Mix - Pineapple/Coconut,https://amway.com/share-link/enbKVnLlx,XS CocoWater Hydration Drink Mix - Pineapple-Coconut.webp
XS CocoWater Hydration Drink Mix - Strawberry/Watermelon,https://amway.com/share-link/Dts4kqijP,XS CocoWater Hydration Drink Mix - Strawberry-Watermelon.webp
XS Creatine+,https://amway.com/share-link/TcFtuhPvJ,XS Creatine+.webp
XS Elite + Focus Energy Drink - Peach Mango,https://amway.com/share-link/gry6-Xg5l,XS Elite + Focus Energy Drink - Peach Mango.webp
XS Energy + Burn 12 oz - Blue Razz,https://amway.com/share-link/tV6oqMvMc,XS Energy + Burn 12 oz - Blue Razz.webp
XS Energy + Burn 12 oz - Kiwi Strawberry,https://amway.com/share-link/QVgQcE~fm,XS Energy + Burn 12 oz - Kiwi Strawberry.webp
XS Energy + Focus Dietary Supplement - 30 Tablets,https://amway.com/share-link/zFoRkr5eK,XS Energy + Focus Dietary Supplement - 30 Tablets.webp
XS Energy + Focus Dietary Supplement - 60 Tablets,https://amway.com/share-link/EXX8FgRW6,XS Energy + Focus Dietary Supplement - 60 Tablets.webp
XS Energy Drink 12 oz - Black Cherry Cola,https://amway.com/share-link/EGaxihDh9,XS Energy Drink 12 oz - Black Cherry Cola.webp
XS Energy Drink 12 oz - Caffeine Free Cranberry-Grape,https://amway.com/share-link/bTDU-QSAa,XS Energy Drink 12 oz - Caffeine Free Cranberry-Grape.webp
XS Energy Drink 12 oz - Citrus,https://amway.com/share-link/xwfpNhDqO,XS Energy Drink 12 oz - Citrus.webp
XS Energy Drink 12 oz - Classic,https://amway.com/share-link/uoKaQD8~a,XS Energy Drink 12 oz - Classic.webp
XS Energy Drink 12 oz - Cranberry-Grape,https://amway.com/share-link/WUc94jJH-,XS Energy Drink 12 oz - Cranberry-Grape.webp
XS Energy Drink 12 oz - Electric Lemon Limited Edition,https://amway.com/share-link/xLah3mPV0,XS Energy Drink 12 oz - Electric Lemon Limited Edition.webp
XS Energy Drink 12 oz - Naranja,https://amway.com/share-link/8ofd6z7Ow,XS Energy Drink 12 oz - Naranja.webp
XS Energy Drink 12 oz - Root Beer,https://amway.com/share-link/bYV674AFp,XS Energy Drink 12 oz - Root Beer.webp
XS Energy Drink 12 oz - Summit,https://amway.com/share-link/b40~kN2GF,XS Energy Drink 12 oz - Summit.webp
XS Energy Drink 12 oz - Tamarindo,https://amway.com/share-link/W~TRQs7BM,XS Energy Drink 12 oz - Tamarindo.webp
XS Energy Drink 12 oz - Tropical,https://amway.com/share-link/odDPLjdVi,XS Energy Drink 12 oz - Tropical.webp
XS Energy Drink 12 oz - Rocket Blast Limited Edition,https://amway.com/share-link/9vGPxSKNA,XS Energy Drink 12 oz - Rocket Blast Limited Edition.webp
XS Energy Drink 12 oz - Variety Case,https://amway.com/share-link/KP09m3teD,XS Energy Drink 12 oz - Variety Case.webp
XS Energy Drink 12 oz - Watermelon Lemonade,https://amway.com/share-link/OLeTQv5LC,XS Energy Drink 12 oz - Watermelon Lemonade.webp
XS Grass-Fed Whey Protein Powder Sachets - Chocolate,https://amway.com/share-link/3i1Nxah8u,XS Grass-Fed Whey Protein Powder Sachets - Chocolate.webp
XS Grass-Fed Whey Protein Powder Sachets - Strawberry,https://amway.com/share-link/vTiZNA5QUR,XS Grass-Fed Whey Protein Powder Sachets - Strawberry.webp
XS Grass-Fed Whey Protein Powder Sachets - Vanilla,https://amway.com/share-link/V5QxGP6Xp,XS Grass-Fed Whey Protein Powder Sachets - Vanilla.webp
XS Grass-Fed Whey Protein - Chocolate,https://amway.com/share-link/o3K2G9Gau,XS Grass-Fed Whey Protein - Chocolate.webp
XS Grass-Fed Whey Protein - Strawberry,https://amway.com/share-link/LYOT5kyHn,XS Grass-Fed Whey Protein - Strawberry.webp
XS Grass-Fed Whey Protein - Vanilla,https://amway.com/share-link/14~vr9fjQ,XS Grass-Fed Whey Protein - Vanilla.webp
XS Ignite Powder - Moro Blood Orange,https://amway.com/share-link/ZcBRI5loO,XS Ignite Powder - Moro Blood Orange.webp
XS Juiced and Burn 12 oz - Variety Case,https://amway.com/share-link/DwyiPxiIU,XS Juiced and Burn 12 oz - Variety Case.webp
XS Muscle Multiplier - Berry Blast,https://amway.com/share-link/D2YioWCnT,XS Muscle Multiplier - Berry Blast.webp
XS Muscle Multiplier - Watermelon,https://amway.com/share-link/WvhxbGmYf,XS Muscle Multiplier - Watermelon.webp
XS Post-Workout Recovery - Fruit Punch (12 Stick Packs),https://amway.com/share-link/lrJlYVhGM,XS Post-Workout Recovery - Fruit Punch (12 Stick Packs).webp
XS Post-Workout Recovery - Fruit Punch (30 Serving Pouch),https://amway.com/share-link/CBN8O~MnX,XS Post-Workout Recovery - Fruit Punch (30 Serving Pouch).webp
XS Pre-Workout Boost - Blue Raspberry (12 Stick Packs),https://amway.com/share-link/SattacJ5V,XS Pre-Workout Boost - Blue Raspberry (12 Stick Packs).webp
XS Pre-Workout Boost - Blue Raspberry (30 Serving Pouch),https://amway.com/share-link/ZsJafHG0E,XS Pre-Workout Boost - Blue Raspberry (30 Serving Pouch).webp
XS Pre-Workout Boost - Green Apple (12 Stick Packs),https://amway.com/share-link/m5Jg-DMsC,XS Pre-Workout Boost - Green Apple (12 Stick Packs).webp
XS Pre-Workout Boost - Green Apple (30 Serving Pouch),https://amway.com/share-link/Om6-lIl43,XS Pre-Workout Boost - Green Apple (30 Serving Pouch).webp
XS Protein Crisps - Barbeque,https://amway.com/share-link/yQu-NHOoT,XS Protein Crisps - Barbeque.webp
XS Protein Crisps - Sriracha Lime,https://amway.com/share-link/MVc4sISgs,XS Protein Crisps - Sriracha Lime.webp
XS Sparkling Juiced Energy 12 oz - Caffeine Free Mango Pineapple Guava,https://amway.com/share-link/mk5aRggdy,XS Sparkling Juiced Energy 12 oz - Caffeine Free Mango Pineapple Guava.webp
XS Sparkling Juiced Energy 12 oz - Mango Pineapple Guava,https://amway.com/share-link/1-vD7GZEx,XS Sparkling Juiced Energy 12 oz - Mango Pineapple Guava.webp
XS Sparkling Juiced Energy 12 oz - Pink Grapefruit,https://amway.com/share-link/JGfJfQ8AB,XS Sparkling Juiced Energy 12 oz - Pink Grapefruit.webp
XS Sports Protein Bars - Chocolate Berry,https://amway.com/share-link/IMXmJE6Fb,XS Sports Protein Bars - Chocolate Berry.webp
XS Sports Protein Bars - Chocolate Peanut Butter,https://amway.com/share-link/FHubIOB6L,XS Sports Protein Bars - Chocolate Peanut Butter.webp
XS Sports Protein Shakes - Rich Chocolate,https://amway.com/share-link/IwkAJiWQ3,XS Sports Protein Shakes - Rich Chocolate.webp
XS Sports Protein Shakes - Vanilla Crème,https://amway.com/share-link/ofcahKqvN,XS Sports Protein Shakes - Vanilla Crème.webp
XS Sports Twist Tubes - Fruit Punch,https://amway.com/share-link/XjBUQPtjO,XS Sports Twist Tubes - Fruit Punch.webp
XS Sports Twist Tubes - Raspberry Lemonade,https://amway.com/share-link/hzkCx98xw,XS Sports Twist Tubes - Raspberry Lemonade.webp
n* by Nutrilite Sweet Dreams - Sleep Gummies,https://amway.com/share-link/PVUuzXLQ6,n- by Nutrilite Sweet Dreams - Sleep Gummies.webp
Nutrilite Twist Tubes 2GO - Immunity Health Strawberry Kiwi,https://amway.com/share-link/DlxRIsXr0,Nutrilite Twist Tubes 2GO - Immunity Health Strawberry Kiwi.webp
Nutrilite Double X Multivitamin - 31 Day Supply Refill,https://amway.com/share-link/mXKMt~~MK,Nutrilite Double X Multivitamin - 31 Day Supply Refill.webp
Nutrilite Organics Ginger Mint Tea,https://amway.com/share-link/8YMvYbDhv,Nutrilite Organics Ginger Mint Tea.webp
Nutrilite Carb Blocker,https://amway.com/share-link/OtzH-vcNi,Nutrilite Carb Blocker.webp
Nutrilite Organics Daily Multi Gummies - Men's,https://amway.com/share-link/PvRKWQ22C~,Nutrilite Organics Daily Multi Gummies - Men's.webp
Nutrilite Organics Daily Multi Gummies - Women's,https://amway.com/share-link/nQJXizu78,Nutrilite Organics Daily Multi Gummies - Women's.webp
Nutrilite Organics Lion's Mane Mushroom Capsules,https://amway.com/share-link/O8bsr6j9w,Nutrilite Organics Lion's Mane Mushroom Capsules.webp
Nutrilite Joint Health - 30 Day Supply,https://amway.com/share-link/2IuF4S8Jg,Nutrilite Joint Health - 30 Day Supply.webp
Nutrilite Prebiotic Fiber,https://amway.com/share-link/Q2bvlxV22C,Nutrilite Prebiotic Fiber.webp
n* by Nutrilite Go Shield - Immunity Gummies,https://amway.com/share-link/KNT0n1cCC,n- by Nutrilite Go Shield - Immunity Gummies.webp
Nutrilite Men's Pack,https://amway.com/share-link/a8AXL-SDl,Nutrilite Men's Pack.webp
Nutrilite Women's Pack,https://amway.com/share-link/IoA~cM07C,Nutrilite Women's Pack.webp
Nutrilite Concentrated Fruits and Vegetables,https://amway.com/share-link/yYbjD4OKt,Nutrilite Concentrated Fruits and Vegetables.webp
Nutrilite Twist Tubes 2GO - Joint Health Raspberry,https://amway.com/share-link/Z4g8mq2wd,Nutrilite Twist Tubes 2GO - Joint Health Raspberry.webp
Nutrilite Cal Mag D,https://amway.com/share-link/t~~k1TXOS,Nutrilite Cal Mag D.webp
Nutrilite Lean Muscle,https://amway.com/share-link/BAruYBJzE,Nutrilite Lean Muscle.webp
Nutrilite Slimmetry Dietary Supplement,https://amway.com/share-link/VEcG54XCJ,Nutrilite Slimmetry Dietary Supplement.webp
Nutrilite Memory Builder Supplement,https://amway.com/share-link/Tg111GGio,Nutrilite Memory Builder Supplement.webp
"Nutrilite Hair, Skin & Nail Health",https://amway.com/share-link/qCCzJGYzL,"Nutrilite Hair, Skin & Nail Health.webp"
Nutrilite Double X Multivitamin - 10 Day Supply,https://amway.com/share-link/BOzl6tIVe,Nutrilite Double X Multivitamin - 10 Day Supply.webp
Nutrilite Perfect Pack,https://amway.com/share-link/Zujw0VqxC,Nutrilite Perfect Pack.webp
Nutrilite Ultra Focus Energy Pack,https://amway.com/share-link/0xkaxXptG,Nutrilite Ultra Focus Energy Pack.webp
Nutrilite Immunity Defense Zinc + Holy Basil - 60 Tablets,https://amway.com/share-link/CIVPfAgCg,Nutrilite Immunity Defense Zinc + Holy Basil - 60 Tablets.webp
Nutrilite Vitamin C Extended Release,https://amway.com/share-link/hDSRPDB~i,Nutrilite Vitamin C Extended Release.webp
Nutrilite Daily Multivitamin Tablets - Women's,https://amway.com/share-link/c7BJpfkBG,Nutrilite Daily Multivitamin Tablets - Women's.webp
Nutrilite Daily Multivitamin Tablets - Men's,https://amway.com/share-link/DR50q5hAy,Nutrilite Daily Multivitamin Tablets - Men's.webp
Nutrilite Stress Relief Probiotic,https://amway.com/share-link/ltUNpScfV,Nutrilite Stress Relief Probiotic.webp
Nutrilite Advanced Omega,https://amway.com/share-link/8W1lm1pQL,Nutrilite Advanced Omega.webp
Nutrilite Organics Turmeric Gummies,https://amway.com/share-link/NMT2sAnLt,Nutrilite Organics Turmeric Gummies.webp
Peak Performance Stack,https://amway.com/share-link/y3eNXUwJj,Peak Performance Stack.webp
Fitness Jump Start Solution - Strawberry,https://amway.com/share-link/BEsjZpuuw,Fitness Jump Start Solution - Strawberry.webp
Fitness Jump Start Solution - Vanilla,https://amway.com/share-link/ASAHRSh75,Fitness Jump Start Solution - Vanilla.webp
